{"cameraMode":{"drawMode":0,"name":"Shaded","section":"Shading Mode"},"sceneLighting":false,"audioPlay":false,"sceneViewState":{"showFog":true,"showMaterialUpdate":false,"showSkybox":false,"showFlares":true,"showImageEffects":true,"showParticleSystems":true},"in2DMode":false,"pivot":{"x":35.865631103515628,"y":7.172943115234375,"z":22.49514389038086},"rotation":{"x":-0.21728330850601197,"y":0.04887692630290985,"z":-0.010894576087594033,"w":-0.9748250246047974},"size":5.431657791137695,"orthographic":false}