{"cameraMode":{"drawMode":0,"name":"Shaded","section":"Shading Mode"},"sceneLighting":true,"audioPlay":false,"sceneViewState":{"showFog":true,"showMaterialUpdate":false,"showSkybox":true,"showFlares":true,"showImageEffects":true,"showParticleSystems":true},"in2DMode":false,"pivot":{"x":14.170045852661133,"y":0.09000000357627869,"z":20.756519317626954},"rotation":{"x":0.07920199632644654,"y":0.07320202887058258,"z":-0.005831834860146046,"w":0.9941510558128357},"size":14.034911155700684,"orthographic":true}