{"cameraMode":{"drawMode":0,"name":"Shaded","section":"Shading Mode"},"sceneLighting":false,"audioPlay":false,"sceneViewState":{"showFog":true,"showMaterialUpdate":false,"showSkybox":false,"showFlares":true,"showImageEffects":true,"showParticleSystems":true},"in2DMode":false,"pivot":{"x":47.03533172607422,"y":24.094459533691408,"z":55.91394805908203},"rotation":{"x":-0.40381574630737307,"y":0.27013054490089419,"z":-0.12613476812839509,"w":-0.8649184703826904},"size":9.862472534179688,"orthographic":false}