{"cameraMode":{"drawMode":0,"name":"Shaded","section":"Shading Mode"},"sceneLighting":false,"audioPlay":false,"sceneViewState":{"showFog":true,"showMaterialUpdate":false,"showSkybox":false,"showFlares":true,"showImageEffects":true,"showParticleSystems":true},"in2DMode":false,"pivot":{"x":50.2680549621582,"y":2.3274893760681154,"z":1.6364922523498536},"rotation":{"x":0.2591676115989685,"y":-0.20289206504821778,"z":0.055782973766326907,"w":0.9426352977752686},"size":11.977049827575684,"orthographic":false}