{"cameraMode":{"drawMode":0,"name":"Shaded","section":"Shading Mode"},"sceneLighting":true,"audioPlay":false,"sceneViewState":{"showFog":true,"showMaterialUpdate":false,"showSkybox":true,"showFlares":true,"showImageEffects":true,"showParticleSystems":true},"in2DMode":false,"pivot":{"x":10.582599639892579,"y":-1.4557104110717774,"z":23.11478042602539},"rotation":{"x":0.256041556596756,"y":-0.052295297384262088,"z":0.01388589944690466,"w":0.9651699662208557},"size":17.517234802246095,"orthographic":false}